precision_threshold,mrfh,hit_cases,hit_rate_pct,threshold_type,method,task,hit_rate_base,mrfh_base,baseline_threshold,hit_rate_drop_pp,mrfh_drop
0.0,0.2358,32,66.7,precision,CPathAgent,CAMELYON16_detection,41.7,0.1777,0.05,-25.0,-0.05810000000000001
0.05,0.1777,20,41.7,precision,CPathAgent,CAMELYON16_detection,41.7,0.1777,0.05,0.0,0.0
0.1,0.1395,16,33.3,precision,CPathAgent,CAMELYON16_detection,41.7,0.1777,0.05,8.400000000000006,0.038199999999999984
0.15,0.1159,14,29.2,precision,CPathAgent,CAMELYON16_detection,41.7,0.1777,0.05,12.500000000000004,0.061799999999999994
0.2,0.1084,13,27.1,precision,CPathAgent,CAMELYON16_detection,41.7,0.1777,0.05,14.600000000000001,0.0693
0.25,0.1084,13,27.1,precision,CPathAgent,CAMELYON16_detection,41.7,0.1777,0.05,14.600000000000001,0.0693
0.3,0.1077,12,25.0,precision,CPathAgent,CAMELYON16_detection,41.7,0.1777,0.05,16.700000000000003,0.06999999999999999
0.35,0.0956,11,22.9,precision,CPathAgent,CAMELYON16_detection,41.7,0.1777,0.05,18.800000000000004,0.08209999999999999
0.4,0.0942,10,20.8,precision,CPathAgent,CAMELYON16_detection,41.7,0.1777,0.05,20.900000000000002,0.08349999999999999
0.45,0.089,8,16.7,precision,CPathAgent,CAMELYON16_detection,41.7,0.1777,0.05,25.000000000000004,0.0887
0.5,0.0705,8,16.7,precision,CPathAgent,CAMELYON16_detection,41.7,0.1777,0.05,25.000000000000004,0.1072
0.55,0.0705,8,16.7,precision,CPathAgent,CAMELYON16_detection,41.7,0.1777,0.05,25.000000000000004,0.1072
0.6,0.0651,6,12.5,precision,CPathAgent,CAMELYON16_detection,41.7,0.1777,0.05,29.200000000000003,0.11259999999999999
0.65,0.0651,6,12.5,precision,CPathAgent,CAMELYON16_detection,41.7,0.1777,0.05,29.200000000000003,0.11259999999999999
0.7,0.0625,5,10.4,precision,CPathAgent,CAMELYON16_detection,41.7,0.1777,0.05,31.300000000000004,0.1152
0.75,0.0625,5,10.4,precision,CPathAgent,CAMELYON16_detection,41.7,0.1777,0.05,31.300000000000004,0.1152
0.8,0.0625,5,10.4,precision,CPathAgent,CAMELYON16_detection,41.7,0.1777,0.05,31.300000000000004,0.1152
0.85,0.0486,5,10.4,precision,CPathAgent,CAMELYON16_detection,41.7,0.1777,0.05,31.300000000000004,0.1291
0.9,0.0486,5,10.4,precision,CPathAgent,CAMELYON16_detection,41.7,0.1777,0.05,31.300000000000004,0.1291
0.95,0.0486,5,10.4,precision,CPathAgent,CAMELYON16_detection,41.7,0.1777,0.05,31.300000000000004,0.1291
1.0,0.0,0,0.0,precision,CPathAgent,CAMELYON16_detection,41.7,0.1777,0.05,41.7,0.1777
0.0,0.0953,28,45.9,precision,PathAgent,CAMELYON16_detection,37.7,0.0604,0.05,-8.199999999999996,-0.034899999999999994
0.05,0.0604,23,37.7,precision,PathAgent,CAMELYON16_detection,37.7,0.0604,0.05,0.0,0.0
0.1,0.045,18,29.5,precision,PathAgent,CAMELYON16_detection,37.7,0.0604,0.05,8.200000000000003,0.015400000000000004
0.15,0.0427,17,27.9,precision,PathAgent,CAMELYON16_detection,37.7,0.0604,0.05,9.800000000000004,0.0177
0.2,0.0426,17,27.9,precision,PathAgent,CAMELYON16_detection,37.7,0.0604,0.05,9.800000000000004,0.017800000000000003
0.25,0.0418,16,26.2,precision,PathAgent,CAMELYON16_detection,37.7,0.0604,0.05,11.500000000000004,0.018600000000000005
0.3,0.037,16,26.2,precision,PathAgent,CAMELYON16_detection,37.7,0.0604,0.05,11.500000000000004,0.023400000000000004
0.35,0.037,16,26.2,precision,PathAgent,CAMELYON16_detection,37.7,0.0604,0.05,11.500000000000004,0.023400000000000004
0.4,0.037,16,26.2,precision,PathAgent,CAMELYON16_detection,37.7,0.0604,0.05,11.500000000000004,0.023400000000000004
0.45,0.0343,15,24.6,precision,PathAgent,CAMELYON16_detection,37.7,0.0604,0.05,13.100000000000001,0.026100000000000005
0.5,0.0322,13,21.3,precision,PathAgent,CAMELYON16_detection,37.7,0.0604,0.05,16.400000000000002,0.028200000000000003
0.55,0.0306,12,19.7,precision,PathAgent,CAMELYON16_detection,37.7,0.0604,0.05,18.000000000000004,0.029800000000000004
0.6,0.03,11,18.0,precision,PathAgent,CAMELYON16_detection,37.7,0.0604,0.05,19.700000000000003,0.030400000000000003
0.65,0.03,11,18.0,precision,PathAgent,CAMELYON16_detection,37.7,0.0604,0.05,19.700000000000003,0.030400000000000003
0.7,0.0299,11,18.0,precision,PathAgent,CAMELYON16_detection,37.7,0.0604,0.05,19.700000000000003,0.030500000000000003
0.75,0.0299,11,18.0,precision,PathAgent,CAMELYON16_detection,37.7,0.0604,0.05,19.700000000000003,0.030500000000000003
0.8,0.0299,11,18.0,precision,PathAgent,CAMELYON16_detection,37.7,0.0604,0.05,19.700000000000003,0.030500000000000003
0.85,0.0291,10,16.4,precision,PathAgent,CAMELYON16_detection,37.7,0.0604,0.05,21.300000000000004,0.0313
0.9,0.0291,10,16.4,precision,PathAgent,CAMELYON16_detection,37.7,0.0604,0.05,21.300000000000004,0.0313
0.95,0.0109,8,13.1,precision,PathAgent,CAMELYON16_detection,37.7,0.0604,0.05,24.6,0.0495
1.0,0.0,0,0.0,precision,PathAgent,CAMELYON16_detection,37.7,0.0604,0.05,37.7,0.0604
0.0,0.3089,26,54.2,precision,Pathology-CoT,CAMELYON16_detection,39.6,0.2294,0.05,-14.600000000000001,-0.07950000000000002
0.05,0.2294,19,39.6,precision,Pathology-CoT,CAMELYON16_detection,39.6,0.2294,0.05,0.0,0.0
0.1,0.2066,17,35.4,precision,Pathology-CoT,CAMELYON16_detection,39.6,0.2294,0.05,4.200000000000003,0.022799999999999987
0.15,0.1948,16,33.3,precision,Pathology-CoT,CAMELYON16_detection,39.6,0.2294,0.05,6.300000000000004,0.03459999999999999
0.2,0.174,15,31.2,precision,Pathology-CoT,CAMELYON16_detection,39.6,0.2294,0.05,8.400000000000002,0.055400000000000005
0.25,0.174,15,31.2,precision,Pathology-CoT,CAMELYON16_detection,39.6,0.2294,0.05,8.400000000000002,0.055400000000000005
0.3,0.174,15,31.2,precision,Pathology-CoT,CAMELYON16_detection,39.6,0.2294,0.05,8.400000000000002,0.055400000000000005
0.35,0.174,15,31.2,precision,Pathology-CoT,CAMELYON16_detection,39.6,0.2294,0.05,8.400000000000002,0.055400000000000005
0.4,0.1561,15,31.2,precision,Pathology-CoT,CAMELYON16_detection,39.6,0.2294,0.05,8.400000000000002,0.0733
0.45,0.1561,15,31.2,precision,Pathology-CoT,CAMELYON16_detection,39.6,0.2294,0.05,8.400000000000002,0.0733
0.5,0.1462,13,27.1,precision,Pathology-CoT,CAMELYON16_detection,39.6,0.2294,0.05,12.5,0.0832
0.55,0.1462,13,27.1,precision,Pathology-CoT,CAMELYON16_detection,39.6,0.2294,0.05,12.5,0.0832
0.6,0.1427,13,27.1,precision,Pathology-CoT,CAMELYON16_detection,39.6,0.2294,0.05,12.5,0.0867
0.65,0.1386,12,25.0,precision,Pathology-CoT,CAMELYON16_detection,39.6,0.2294,0.05,14.600000000000001,0.09079999999999999
0.7,0.1286,10,20.8,precision,Pathology-CoT,CAMELYON16_detection,39.6,0.2294,0.05,18.8,0.1008
0.75,0.1182,10,20.8,precision,Pathology-CoT,CAMELYON16_detection,39.6,0.2294,0.05,18.8,0.1112
0.8,0.0844,7,14.6,precision,Pathology-CoT,CAMELYON16_detection,39.6,0.2294,0.05,25.0,0.145
0.85,0.0771,5,10.4,precision,Pathology-CoT,CAMELYON16_detection,39.6,0.2294,0.05,29.200000000000003,0.1523
0.9,0.0729,4,8.3,precision,Pathology-CoT,CAMELYON16_detection,39.6,0.2294,0.05,31.3,0.15649999999999997
0.95,0.0573,4,8.3,precision,Pathology-CoT,CAMELYON16_detection,39.6,0.2294,0.05,31.3,0.1721
1.0,0.0,0,0.0,precision,Pathology-CoT,CAMELYON16_detection,39.6,0.2294,0.05,39.6,0.2294
0.0,0.0451,4,8.3,precision,slide_seek,CAMELYON16_detection,8.3,0.0451,0.05,0.0,0.0
0.05,0.0451,4,8.3,precision,slide_seek,CAMELYON16_detection,8.3,0.0451,0.05,0.0,0.0
0.1,0.0451,4,8.3,precision,slide_seek,CAMELYON16_detection,8.3,0.0451,0.05,0.0,0.0
0.15,0.0451,4,8.3,precision,slide_seek,CAMELYON16_detection,8.3,0.0451,0.05,0.0,0.0
0.2,0.0243,3,6.2,precision,slide_seek,CAMELYON16_detection,8.3,0.0451,0.05,2.1000000000000005,0.020800000000000003
0.25,0.0243,3,6.2,precision,slide_seek,CAMELYON16_detection,8.3,0.0451,0.05,2.1000000000000005,0.020800000000000003
0.3,0.0243,3,6.2,precision,slide_seek,CAMELYON16_detection,8.3,0.0451,0.05,2.1000000000000005,0.020800000000000003
0.35,0.0243,3,6.2,precision,slide_seek,CAMELYON16_detection,8.3,0.0451,0.05,2.1000000000000005,0.020800000000000003
0.4,0.0243,3,6.2,precision,slide_seek,CAMELYON16_detection,8.3,0.0451,0.05,2.1000000000000005,0.020800000000000003
0.45,0.0174,2,4.2,precision,slide_seek,CAMELYON16_detection,8.3,0.0451,0.05,4.1000000000000005,0.027700000000000002
0.5,0.0174,2,4.2,precision,slide_seek,CAMELYON16_detection,8.3,0.0451,0.05,4.1000000000000005,0.027700000000000002
0.55,0.0174,2,4.2,precision,slide_seek,CAMELYON16_detection,8.3,0.0451,0.05,4.1000000000000005,0.027700000000000002
0.6,0.0174,2,4.2,precision,slide_seek,CAMELYON16_detection,8.3,0.0451,0.05,4.1000000000000005,0.027700000000000002
0.65,0.0174,2,4.2,precision,slide_seek,CAMELYON16_detection,8.3,0.0451,0.05,4.1000000000000005,0.027700000000000002
0.7,0.0174,2,4.2,precision,slide_seek,CAMELYON16_detection,8.3,0.0451,0.05,4.1000000000000005,0.027700000000000002
0.75,0.0174,2,4.2,precision,slide_seek,CAMELYON16_detection,8.3,0.0451,0.05,4.1000000000000005,0.027700000000000002
0.8,0.0174,2,4.2,precision,slide_seek,CAMELYON16_detection,8.3,0.0451,0.05,4.1000000000000005,0.027700000000000002
0.85,0.0174,2,4.2,precision,slide_seek,CAMELYON16_detection,8.3,0.0451,0.05,4.1000000000000005,0.027700000000000002
0.9,0.0174,2,4.2,precision,slide_seek,CAMELYON16_detection,8.3,0.0451,0.05,4.1000000000000005,0.027700000000000002
0.95,0.0174,2,4.2,precision,slide_seek,CAMELYON16_detection,8.3,0.0451,0.05,4.1000000000000005,0.027700000000000002
1.0,0.0,0,0.0,precision,slide_seek,CAMELYON16_detection,8.3,0.0451,0.05,8.3,0.0451
0.0,0.7164,81,87.1,precision,CPathAgent,TCGA_BRCA_subtype,84.9,0.6916,0.05,-2.1999999999999886,-0.024800000000000044
0.05,0.6916,79,84.9,precision,CPathAgent,TCGA_BRCA_subtype,84.9,0.6916,0.05,0.0,0.0
0.1,0.6638,79,84.9,precision,CPathAgent,TCGA_BRCA_subtype,84.9,0.6916,0.05,0.0,0.027800000000000047
0.15,0.643,78,83.9,precision,CPathAgent,TCGA_BRCA_subtype,84.9,0.6916,0.05,1.0,0.04859999999999998
0.2,0.6147,77,82.8,precision,CPathAgent,TCGA_BRCA_subtype,84.9,0.6916,0.05,2.1000000000000085,0.07689999999999997
0.25,0.6093,76,81.7,precision,CPathAgent,TCGA_BRCA_subtype,84.9,0.6916,0.05,3.200000000000003,0.08230000000000004
0.3,0.5908,76,81.7,precision,CPathAgent,TCGA_BRCA_subtype,84.9,0.6916,0.05,3.200000000000003,0.1008
0.35,0.5878,74,79.6,precision,CPathAgent,TCGA_BRCA_subtype,84.9,0.6916,0.05,5.300000000000011,0.1038
0.4,0.5816,74,79.6,precision,CPathAgent,TCGA_BRCA_subtype,84.9,0.6916,0.05,5.300000000000011,0.10999999999999999
0.45,0.561,73,78.5,precision,CPathAgent,TCGA_BRCA_subtype,84.9,0.6916,0.05,6.400000000000006,0.13059999999999994
0.5,0.5341,72,77.4,precision,CPathAgent,TCGA_BRCA_subtype,84.9,0.6916,0.05,7.5,0.15749999999999997
0.55,0.5314,72,77.4,precision,CPathAgent,TCGA_BRCA_subtype,84.9,0.6916,0.05,7.5,0.1602
0.6,0.5085,70,75.3,precision,CPathAgent,TCGA_BRCA_subtype,84.9,0.6916,0.05,9.600000000000009,0.18310000000000004
0.65,0.4716,68,73.1,precision,CPathAgent,TCGA_BRCA_subtype,84.9,0.6916,0.05,11.800000000000011,0.21999999999999997
0.7,0.4566,65,69.9,precision,CPathAgent,TCGA_BRCA_subtype,84.9,0.6916,0.05,15.0,0.235
0.75,0.4145,60,64.5,precision,CPathAgent,TCGA_BRCA_subtype,84.9,0.6916,0.05,20.400000000000006,0.2771
0.8,0.3948,59,63.4,precision,CPathAgent,TCGA_BRCA_subtype,84.9,0.6916,0.05,21.500000000000007,0.2968
0.85,0.3628,55,59.1,precision,CPathAgent,TCGA_BRCA_subtype,84.9,0.6916,0.05,25.800000000000004,0.3288
0.9,0.3494,54,58.1,precision,CPathAgent,TCGA_BRCA_subtype,84.9,0.6916,0.05,26.800000000000004,0.3422
0.95,0.3226,53,57.0,precision,CPathAgent,TCGA_BRCA_subtype,84.9,0.6916,0.05,27.900000000000006,0.369
1.0,0.0,0,0.0,precision,CPathAgent,TCGA_BRCA_subtype,84.9,0.6916,0.05,84.9,0.6916
0.0,0.4671,72,83.7,precision,PathAgent,TCGA_BRCA_subtype,79.1,0.4415,0.05,-4.6000000000000085,-0.02560000000000001
0.05,0.4415,68,79.1,precision,PathAgent,TCGA_BRCA_subtype,79.1,0.4415,0.05,0.0,0.0
0.1,0.4142,66,76.7,precision,PathAgent,TCGA_BRCA_subtype,79.1,0.4415,0.05,2.3999999999999915,0.02729999999999999
0.15,0.4017,65,75.6,precision,PathAgent,TCGA_BRCA_subtype,79.1,0.4415,0.05,3.5,0.0398
0.2,0.3806,63,73.3,precision,PathAgent,TCGA_BRCA_subtype,79.1,0.4415,0.05,5.799999999999997,0.06090000000000001
0.25,0.3654,61,70.9,precision,PathAgent,TCGA_BRCA_subtype,79.1,0.4415,0.05,8.199999999999989,0.0761
0.3,0.3445,57,66.3,precision,PathAgent,TCGA_BRCA_subtype,79.1,0.4415,0.05,12.799999999999997,0.09700000000000003
0.35,0.321,55,64.0,precision,PathAgent,TCGA_BRCA_subtype,79.1,0.4415,0.05,15.099999999999994,0.1205
0.4,0.2988,54,62.8,precision,PathAgent,TCGA_BRCA_subtype,79.1,0.4415,0.05,16.299999999999997,0.1427
0.45,0.2733,51,59.3,precision,PathAgent,TCGA_BRCA_subtype,79.1,0.4415,0.05,19.799999999999997,0.16820000000000002
0.5,0.267,47,54.7,precision,PathAgent,TCGA_BRCA_subtype,79.1,0.4415,0.05,24.39999999999999,0.1745
0.55,0.2526,46,53.5,precision,PathAgent,TCGA_BRCA_subtype,79.1,0.4415,0.05,25.599999999999994,0.1889
0.6,0.2341,45,52.3,precision,PathAgent,TCGA_BRCA_subtype,79.1,0.4415,0.05,26.799999999999997,0.2074
0.65,0.2282,45,52.3,precision,PathAgent,TCGA_BRCA_subtype,79.1,0.4415,0.05,26.799999999999997,0.21330000000000002
0.7,0.2185,45,52.3,precision,PathAgent,TCGA_BRCA_subtype,79.1,0.4415,0.05,26.799999999999997,0.223
0.75,0.2138,42,48.8,precision,PathAgent,TCGA_BRCA_subtype,79.1,0.4415,0.05,30.299999999999997,0.2277
0.8,0.1981,40,46.5,precision,PathAgent,TCGA_BRCA_subtype,79.1,0.4415,0.05,32.599999999999994,0.2434
0.85,0.1693,38,44.2,precision,PathAgent,TCGA_BRCA_subtype,79.1,0.4415,0.05,34.89999999999999,0.2722
0.9,0.1576,37,43.0,precision,PathAgent,TCGA_BRCA_subtype,79.1,0.4415,0.05,36.099999999999994,0.28390000000000004
0.95,0.1489,37,43.0,precision,PathAgent,TCGA_BRCA_subtype,79.1,0.4415,0.05,36.099999999999994,0.29259999999999997
1.0,0.0,0,0.0,precision,PathAgent,TCGA_BRCA_subtype,79.1,0.4415,0.05,79.1,0.4415
0.0,0.7537,85,86.7,precision,Pathology-CoT,TCGA_BRCA_subtype,85.7,0.7435,0.05,-1.0,-0.010199999999999987
0.05,0.7435,84,85.7,precision,Pathology-CoT,TCGA_BRCA_subtype,85.7,0.7435,0.05,0.0,0.0
0.1,0.7428,84,85.7,precision,Pathology-CoT,TCGA_BRCA_subtype,85.7,0.7435,0.05,0.0,0.0007000000000000339
0.15,0.7275,83,84.7,precision,Pathology-CoT,TCGA_BRCA_subtype,85.7,0.7435,0.05,1.0,0.016000000000000014
0.2,0.7275,83,84.7,precision,Pathology-CoT,TCGA_BRCA_subtype,85.7,0.7435,0.05,1.0,0.016000000000000014
0.25,0.7275,83,84.7,precision,Pathology-CoT,TCGA_BRCA_subtype,85.7,0.7435,0.05,1.0,0.016000000000000014
0.3,0.7275,83,84.7,precision,Pathology-CoT,TCGA_BRCA_subtype,85.7,0.7435,0.05,1.0,0.016000000000000014
0.35,0.716,81,82.7,precision,Pathology-CoT,TCGA_BRCA_subtype,85.7,0.7435,0.05,3.0,0.02750000000000008
0.4,0.7049,80,81.6,precision,Pathology-CoT,TCGA_BRCA_subtype,85.7,0.7435,0.05,4.1000000000000085,0.03860000000000008
0.45,0.6845,78,79.6,precision,Pathology-CoT,TCGA_BRCA_subtype,85.7,0.7435,0.05,6.1000000000000085,0.05900000000000005
0.5,0.6743,77,78.6,precision,Pathology-CoT,TCGA_BRCA_subtype,85.7,0.7435,0.05,7.1000000000000085,0.06920000000000004
0.55,0.6743,77,78.6,precision,Pathology-CoT,TCGA_BRCA_subtype,85.7,0.7435,0.05,7.1000000000000085,0.06920000000000004
0.6,0.6726,77,78.6,precision,Pathology-CoT,TCGA_BRCA_subtype,85.7,0.7435,0.05,7.1000000000000085,0.07090000000000007
0.65,0.6573,76,77.6,precision,Pathology-CoT,TCGA_BRCA_subtype,85.7,0.7435,0.05,8.100000000000009,0.08620000000000005
0.7,0.6522,75,76.5,precision,Pathology-CoT,TCGA_BRCA_subtype,85.7,0.7435,0.05,9.200000000000003,0.09130000000000005
0.75,0.642,74,75.5,precision,Pathology-CoT,TCGA_BRCA_subtype,85.7,0.7435,0.05,10.200000000000003,0.10150000000000003
0.8,0.6384,74,75.5,precision,Pathology-CoT,TCGA_BRCA_subtype,85.7,0.7435,0.05,10.200000000000003,0.10510000000000008
0.85,0.6282,73,74.5,precision,Pathology-CoT,TCGA_BRCA_subtype,85.7,0.7435,0.05,11.200000000000003,0.11530000000000007
0.9,0.618,72,73.5,precision,Pathology-CoT,TCGA_BRCA_subtype,85.7,0.7435,0.05,12.200000000000003,0.12550000000000006
0.95,0.5924,69,70.4,precision,Pathology-CoT,TCGA_BRCA_subtype,85.7,0.7435,0.05,15.299999999999997,0.1511
1.0,0.0,0,0.0,precision,Pathology-CoT,TCGA_BRCA_subtype,85.7,0.7435,0.05,85.7,0.7435
0.0,0.728,81,87.1,precision,slide_seek,TCGA_BRCA_subtype,86.0,0.7058,0.05,-1.0999999999999943,-0.022199999999999998
0.05,0.7058,80,86.0,precision,slide_seek,TCGA_BRCA_subtype,86.0,0.7058,0.05,0.0,0.0
0.1,0.6913,79,84.9,precision,slide_seek,TCGA_BRCA_subtype,86.0,0.7058,0.05,1.0999999999999943,0.014499999999999957
0.15,0.6895,79,84.9,precision,slide_seek,TCGA_BRCA_subtype,86.0,0.7058,0.05,1.0999999999999943,0.01629999999999998
0.2,0.6712,78,83.9,precision,slide_seek,TCGA_BRCA_subtype,86.0,0.7058,0.05,2.0999999999999943,0.034599999999999964
0.25,0.6604,77,82.8,precision,slide_seek,TCGA_BRCA_subtype,86.0,0.7058,0.05,3.200000000000003,0.045399999999999996
0.3,0.6569,77,82.8,precision,slide_seek,TCGA_BRCA_subtype,86.0,0.7058,0.05,3.200000000000003,0.048899999999999944
0.35,0.6569,77,82.8,precision,slide_seek,TCGA_BRCA_subtype,86.0,0.7058,0.05,3.200000000000003,0.048899999999999944
0.4,0.6569,77,82.8,precision,slide_seek,TCGA_BRCA_subtype,86.0,0.7058,0.05,3.200000000000003,0.048899999999999944
0.45,0.6411,77,82.8,precision,slide_seek,TCGA_BRCA_subtype,86.0,0.7058,0.05,3.200000000000003,0.06469999999999998
0.5,0.6397,77,82.8,precision,slide_seek,TCGA_BRCA_subtype,86.0,0.7058,0.05,3.200000000000003,0.06609999999999994
0.55,0.6316,77,82.8,precision,slide_seek,TCGA_BRCA_subtype,86.0,0.7058,0.05,3.200000000000003,0.07419999999999993
0.6,0.6251,77,82.8,precision,slide_seek,TCGA_BRCA_subtype,86.0,0.7058,0.05,3.200000000000003,0.0807
0.65,0.6237,76,81.7,precision,slide_seek,TCGA_BRCA_subtype,86.0,0.7058,0.05,4.299999999999997,0.08209999999999995
0.7,0.6236,76,81.7,precision,slide_seek,TCGA_BRCA_subtype,86.0,0.7058,0.05,4.299999999999997,0.08219999999999994
0.75,0.6236,76,81.7,precision,slide_seek,TCGA_BRCA_subtype,86.0,0.7058,0.05,4.299999999999997,0.08219999999999994
0.8,0.6164,76,81.7,precision,slide_seek,TCGA_BRCA_subtype,86.0,0.7058,0.05,4.299999999999997,0.08940000000000003
0.85,0.6163,76,81.7,precision,slide_seek,TCGA_BRCA_subtype,86.0,0.7058,0.05,4.299999999999997,0.08950000000000002
0.9,0.6163,76,81.7,precision,slide_seek,TCGA_BRCA_subtype,86.0,0.7058,0.05,4.299999999999997,0.08950000000000002
0.95,0.5946,74,79.6,precision,slide_seek,TCGA_BRCA_subtype,86.0,0.7058,0.05,6.400000000000006,0.11119999999999997
1.0,0.0,0,0.0,precision,slide_seek,TCGA_BRCA_subtype,86.0,0.7058,0.05,86.0,0.7058
0.0,0.6938,575,83.1,precision,CPathAgent,TCGA_LUNG_Classification,81.6,0.6701,0.05,-1.5,-0.023699999999999943
0.05,0.6701,565,81.6,precision,CPathAgent,TCGA_LUNG_Classification,81.6,0.6701,0.05,0.0,0.0
0.1,0.6511,557,80.5,precision,CPathAgent,TCGA_LUNG_Classification,81.6,0.6701,0.05,1.0999999999999943,0.019000000000000017
0.15,0.6328,548,79.2,precision,CPathAgent,TCGA_LUNG_Classification,81.6,0.6701,0.05,2.3999999999999915,0.0373
0.2,0.6174,543,78.5,precision,CPathAgent,TCGA_LUNG_Classification,81.6,0.6701,0.05,3.0999999999999943,0.05270000000000008
0.25,0.5925,532,76.9,precision,CPathAgent,TCGA_LUNG_Classification,81.6,0.6701,0.05,4.699999999999989,0.0776
0.3,0.5785,528,76.3,precision,CPathAgent,TCGA_LUNG_Classification,81.6,0.6701,0.05,5.299999999999997,0.09160000000000001
0.35,0.5579,525,75.9,precision,CPathAgent,TCGA_LUNG_Classification,81.6,0.6701,0.05,5.699999999999989,0.11220000000000008
0.4,0.531,511,73.8,precision,CPathAgent,TCGA_LUNG_Classification,81.6,0.6701,0.05,7.799999999999997,0.1391
0.45,0.5049,498,72.0,precision,CPathAgent,TCGA_LUNG_Classification,81.6,0.6701,0.05,9.599999999999994,0.1652
0.5,0.4752,485,70.1,precision,CPathAgent,TCGA_LUNG_Classification,81.6,0.6701,0.05,11.5,0.19490000000000002
0.55,0.4514,473,68.4,precision,CPathAgent,TCGA_LUNG_Classification,81.6,0.6701,0.05,13.199999999999989,0.2187
0.6,0.4357,456,65.9,precision,CPathAgent,TCGA_LUNG_Classification,81.6,0.6701,0.05,15.699999999999989,0.23440000000000005
0.65,0.409,440,63.6,precision,CPathAgent,TCGA_LUNG_Classification,81.6,0.6701,0.05,17.999999999999993,0.26110000000000005
0.7,0.3866,429,62.0,precision,CPathAgent,TCGA_LUNG_Classification,81.6,0.6701,0.05,19.599999999999994,0.28350000000000003
0.75,0.3673,415,60.0,precision,CPathAgent,TCGA_LUNG_Classification,81.6,0.6701,0.05,21.599999999999994,0.3028
0.8,0.3413,389,56.2,precision,CPathAgent,TCGA_LUNG_Classification,81.6,0.6701,0.05,25.39999999999999,0.32880000000000004
0.85,0.3161,371,53.6,precision,CPathAgent,TCGA_LUNG_Classification,81.6,0.6701,0.05,27.999999999999993,0.35400000000000004
0.9,0.2994,349,50.4,precision,CPathAgent,TCGA_LUNG_Classification,81.6,0.6701,0.05,31.199999999999996,0.37070000000000003
0.95,0.2677,317,45.8,precision,CPathAgent,TCGA_LUNG_Classification,81.6,0.6701,0.05,35.8,0.40240000000000004
1.0,0.0,0,0.0,precision,CPathAgent,TCGA_LUNG_Classification,81.6,0.6701,0.05,81.6,0.6701
0.0,0.6364,721,89.8,precision,PathAgent,TCGA_LUNG_Classification,87.0,0.604,0.05,-2.799999999999997,-0.032399999999999984
0.05,0.604,699,87.0,precision,PathAgent,TCGA_LUNG_Classification,87.0,0.604,0.05,0.0,0.0
0.1,0.5811,686,85.4,precision,PathAgent,TCGA_LUNG_Classification,87.0,0.604,0.05,1.5999999999999943,0.02290000000000003
0.15,0.5602,672,83.7,precision,PathAgent,TCGA_LUNG_Classification,87.0,0.604,0.05,3.299999999999997,0.04379999999999995
0.2,0.5387,659,82.1,precision,PathAgent,TCGA_LUNG_Classification,87.0,0.604,0.05,4.900000000000006,0.06530000000000002
0.25,0.5159,646,80.4,precision,PathAgent,TCGA_LUNG_Classification,87.0,0.604,0.05,6.599999999999994,0.08809999999999996
0.3,0.4944,633,78.8,precision,PathAgent,TCGA_LUNG_Classification,87.0,0.604,0.05,8.200000000000003,0.10959999999999998
0.35,0.4729,623,77.6,precision,PathAgent,TCGA_LUNG_Classification,87.0,0.604,0.05,9.400000000000006,0.1311
0.4,0.457,616,76.7,precision,PathAgent,TCGA_LUNG_Classification,87.0,0.604,0.05,10.299999999999997,0.14699999999999996
0.45,0.4348,598,74.5,precision,PathAgent,TCGA_LUNG_Classification,87.0,0.604,0.05,12.5,0.16919999999999996
0.5,0.4208,585,72.9,precision,PathAgent,TCGA_LUNG_Classification,87.0,0.604,0.05,14.099999999999994,0.18319999999999997
0.55,0.4062,573,71.4,precision,PathAgent,TCGA_LUNG_Classification,87.0,0.604,0.05,15.599999999999994,0.19779999999999998
0.6,0.3935,559,69.6,precision,PathAgent,TCGA_LUNG_Classification,87.0,0.604,0.05,17.400000000000006,0.21049999999999996
0.65,0.3764,550,68.5,precision,PathAgent,TCGA_LUNG_Classification,87.0,0.604,0.05,18.5,0.22759999999999997
0.7,0.3631,541,67.4,precision,PathAgent,TCGA_LUNG_Classification,87.0,0.604,0.05,19.599999999999994,0.2409
0.75,0.3519,527,65.6,precision,PathAgent,TCGA_LUNG_Classification,87.0,0.604,0.05,21.400000000000006,0.2521
0.8,0.3409,516,64.3,precision,PathAgent,TCGA_LUNG_Classification,87.0,0.604,0.05,22.700000000000003,0.2631
0.85,0.3301,506,63.0,precision,PathAgent,TCGA_LUNG_Classification,87.0,0.604,0.05,24.0,0.2739
0.9,0.3209,500,62.3,precision,PathAgent,TCGA_LUNG_Classification,87.0,0.604,0.05,24.700000000000003,0.28309999999999996
0.95,0.3107,491,61.1,precision,PathAgent,TCGA_LUNG_Classification,87.0,0.604,0.05,25.9,0.2933
1.0,0.0,0,0.0,precision,PathAgent,TCGA_LUNG_Classification,87.0,0.604,0.05,87.0,0.604
0.0,0.7918,737,85.8,precision,Pathology-CoT,TCGA_LUNG_Classification,84.2,0.7749,0.05,-1.5999999999999943,-0.016899999999999915
0.05,0.7749,723,84.2,precision,Pathology-CoT,TCGA_LUNG_Classification,84.2,0.7749,0.05,0.0,0.0
0.1,0.7652,715,83.2,precision,Pathology-CoT,TCGA_LUNG_Classification,84.2,0.7749,0.05,1.0,0.009700000000000042
0.15,0.7591,712,82.9,precision,Pathology-CoT,TCGA_LUNG_Classification,84.2,0.7749,0.05,1.2999999999999972,0.015800000000000036
0.2,0.7533,708,82.4,precision,Pathology-CoT,TCGA_LUNG_Classification,84.2,0.7749,0.05,1.7999999999999972,0.021600000000000064
0.25,0.7489,705,82.1,precision,Pathology-CoT,TCGA_LUNG_Classification,84.2,0.7749,0.05,2.1000000000000085,0.026000000000000023
0.3,0.7448,702,81.7,precision,Pathology-CoT,TCGA_LUNG_Classification,84.2,0.7749,0.05,2.5,0.030100000000000016
0.35,0.7342,693,80.7,precision,Pathology-CoT,TCGA_LUNG_Classification,84.2,0.7749,0.05,3.5,0.04070000000000007
0.4,0.7315,691,80.4,precision,Pathology-CoT,TCGA_LUNG_Classification,84.2,0.7749,0.05,3.799999999999997,0.043399999999999994
0.45,0.7254,688,80.1,precision,Pathology-CoT,TCGA_LUNG_Classification,84.2,0.7749,0.05,4.1000000000000085,0.04949999999999999
0.5,0.7248,687,80.0,precision,Pathology-CoT,TCGA_LUNG_Classification,84.2,0.7749,0.05,4.200000000000003,0.05010000000000003
0.55,0.7242,687,80.0,precision,Pathology-CoT,TCGA_LUNG_Classification,84.2,0.7749,0.05,4.200000000000003,0.05070000000000008
0.6,0.716,681,79.3,precision,Pathology-CoT,TCGA_LUNG_Classification,84.2,0.7749,0.05,4.900000000000006,0.05890000000000006
0.65,0.709,676,78.7,precision,Pathology-CoT,TCGA_LUNG_Classification,84.2,0.7749,0.05,5.5,0.06590000000000007
0.7,0.7046,671,78.1,precision,Pathology-CoT,TCGA_LUNG_Classification,84.2,0.7749,0.05,6.1000000000000085,0.07030000000000003
0.75,0.6979,666,77.5,precision,Pathology-CoT,TCGA_LUNG_Classification,84.2,0.7749,0.05,6.700000000000003,0.07700000000000007
0.8,0.6928,662,77.1,precision,Pathology-CoT,TCGA_LUNG_Classification,84.2,0.7749,0.05,7.1000000000000085,0.08210000000000006
0.85,0.687,657,76.5,precision,Pathology-CoT,TCGA_LUNG_Classification,84.2,0.7749,0.05,7.700000000000003,0.08789999999999998
0.9,0.6722,644,75.0,precision,Pathology-CoT,TCGA_LUNG_Classification,84.2,0.7749,0.05,9.200000000000003,0.10270000000000001
0.95,0.6469,623,72.5,precision,Pathology-CoT,TCGA_LUNG_Classification,84.2,0.7749,0.05,11.700000000000003,0.128
1.0,0.0,0,0.0,precision,Pathology-CoT,TCGA_LUNG_Classification,84.2,0.7749,0.05,84.2,0.7749
0.0,0.6699,742,86.5,precision,slide_seek,TCGA_LUNG_Classification,86.0,0.6526,0.05,-0.5,-0.017300000000000093
0.05,0.6526,738,86.0,precision,slide_seek,TCGA_LUNG_Classification,86.0,0.6526,0.05,0.0,0.0
0.1,0.6471,736,85.8,precision,slide_seek,TCGA_LUNG_Classification,86.0,0.6526,0.05,0.20000000000000284,0.005499999999999949
0.15,0.6402,732,85.3,precision,slide_seek,TCGA_LUNG_Classification,86.0,0.6526,0.05,0.7000000000000028,0.012399999999999967
0.2,0.6342,725,84.5,precision,slide_seek,TCGA_LUNG_Classification,86.0,0.6526,0.05,1.5,0.018399999999999972
0.25,0.628,723,84.3,precision,slide_seek,TCGA_LUNG_Classification,86.0,0.6526,0.05,1.7000000000000028,0.024599999999999955
0.3,0.619,720,83.9,precision,slide_seek,TCGA_LUNG_Classification,86.0,0.6526,0.05,2.0999999999999943,0.03359999999999996
0.35,0.614,717,83.6,precision,slide_seek,TCGA_LUNG_Classification,86.0,0.6526,0.05,2.4000000000000057,0.03859999999999997
0.4,0.61,717,83.6,precision,slide_seek,TCGA_LUNG_Classification,86.0,0.6526,0.05,2.4000000000000057,0.04259999999999997
0.45,0.6071,715,83.3,precision,slide_seek,TCGA_LUNG_Classification,86.0,0.6526,0.05,2.700000000000003,0.045499999999999985
0.5,0.6021,712,83.0,precision,slide_seek,TCGA_LUNG_Classification,86.0,0.6526,0.05,3.0,0.05049999999999999
0.55,0.5969,710,82.8,precision,slide_seek,TCGA_LUNG_Classification,86.0,0.6526,0.05,3.200000000000003,0.05569999999999997
0.6,0.5931,709,82.6,precision,slide_seek,TCGA_LUNG_Classification,86.0,0.6526,0.05,3.4000000000000057,0.0595
0.65,0.5915,709,82.6,precision,slide_seek,TCGA_LUNG_Classification,86.0,0.6526,0.05,3.4000000000000057,0.06109999999999993
0.7,0.5848,702,81.8,precision,slide_seek,TCGA_LUNG_Classification,86.0,0.6526,0.05,4.200000000000003,0.06779999999999997
0.75,0.58,700,81.6,precision,slide_seek,TCGA_LUNG_Classification,86.0,0.6526,0.05,4.400000000000006,0.0726
0.8,0.5712,693,80.8,precision,slide_seek,TCGA_LUNG_Classification,86.0,0.6526,0.05,5.200000000000003,0.08139999999999992
0.85,0.5688,690,80.4,precision,slide_seek,TCGA_LUNG_Classification,86.0,0.6526,0.05,5.599999999999994,0.08379999999999999
0.9,0.5633,686,80.0,precision,slide_seek,TCGA_LUNG_Classification,86.0,0.6526,0.05,6.0,0.08929999999999993
0.95,0.5517,676,78.8,precision,slide_seek,TCGA_LUNG_Classification,86.0,0.6526,0.05,7.200000000000003,0.10089999999999999
1.0,0.0,0,0.0,precision,slide_seek,TCGA_LUNG_Classification,86.0,0.6526,0.05,86.0,0.6526
